driver_id,total_fare,avg_distance
53,199.41,14.493333333333334
1,125.62,36.004999999999995
5,128.78,38.3
15,45.85,19.4
100,184.94,21.04
84,359.61,23.292499999999997
14,381.15,14.9125
2,123.71,5.16
