driver_id,total_fare,avg_distance
78,70.0,6.24
3,48.43,35.67
64,199.86,43.254999999999995
37,144.95,6.975
69,106.22,35.28
63,134.32,24.425
25,176.17000000000002,38.504999999999995
56,44.6,49.94
